<?xml version="1.0" encoding="UTF-8" standalone="yes"?>
<addon id="plugin.video.beeg"
  name="beeg (Adult)"
  version="0.0.8"
  provider-name="achilles">
  <requires>
    <import addon="xbmc.python" version="2.1.0"/>
  </requires>
  <extension point="xbmc.python.pluginsource" library="default.py">
    <provides>video</provides>
  </extension>
  <extension point="xbmc.addon.metadata">
    <platform>all</platform>
    <summary>beeg Video Add-on</summary>
    <description>A simple add-on for beeg.com (Adult)</description>
  </extension>
</addon>
