<?xml version="1.0" encoding="UTF-8" standalone="yes"?>
<addon id="plugin.video.xxxymovies" name="XXXYMovies.com (Adult)" version="1.0.0" provider-name="achilles">
  <requires>
    <import addon="xbmc.python" version="2.1.0"/>
  </requires>
  <extension point="xbmc.python.pluginsource" library="default.py">
    <provides>video</provides>
  </extension>
  <extension point="xbmc.addon.metadata">
    <summary lang="en">XX-XY Movies (Adult)</summary>
    <description lang="en">Video add-on for XXXYMovies.com.</description>
    <disclaimer lang="en"></disclaimer>
    <language></language>
    <platform>all</platform>
    <license></license>
    <forum></forum>
    <website>https://code.google.com/p/achilles-projects/</website>
    <email></email>
    <source></source>
  </extension>
</addon>
